,congress,pca,mds,umap
0,01_05,2.1729134715985077,1.7476913762090889,2.4431756506161997
1,05_07,2.345637562595065,2.2926367053346786,5.018067437455604
2,07_11,0.9816322524789345,1.0448295021231426,1.700091468313433
3,11_15,0.8483356911511076,0.9740312340297538,0.9372928202174696
4,15_19,1.6356077547894459,1.578931052252242,2.1838391194416866
5,19_22,0.8582695468269422,0.9978494443182517,1.180892293637953
6,22_present,1.4212835914733373,1.4254503202012272,1.4691566367561772
